{"filter":false,"title":"insulin.json","tooltip":"/insulin.json","undoManager":{"mark":1,"position":1,"stack":[[{"start":{"row":0,"column":0},"end":{"row":30,"column":1},"action":"insert","lines":["{","   \"molecules\":{","      \"lsInsulin\":\"malwmrllpllallalwgpdpaaa\",","      \"bInsulin\":\"fvnqhlcgshlvealylvcgergffytpkt\",","      \"aInsulin\":\"giveqcctsicslyqlenycn\",","      \"cInsulin\":\"rreaedlqvgqvelgggpgagslqplalegslqkr\"","   },","   \"weights\":{","      \"A\":89.09,","      \"C\":121.16,","      \"D\":133.10,","      \"E\":147.13,","      \"F\":165.19,","      \"G\":75.07,","      \"H\":155.16,","      \"I\":131.17,","      \"K\":146.19,","      \"L\":131.17,","      \"M\":149.21,","      \"N\":132.12,","      \"P\":115.13,","      \"Q\":146.15,","      \"R\":174.20,","      \"S\":105.09,","      \"T\":119.12,","      \"V\":117.15,","      \"W\":204.23,","      \"Y\":181.19","   },","   \"molecularWeightInsulinActual\":5807.63","}"],"id":1}],[{"start":{"row":30,"column":1},"end":{"row":31,"column":0},"action":"insert","lines":["",""],"id":2}]]},"ace":{"folds":[],"scrolltop":240,"scrollleft":0,"selection":{"start":{"row":31,"column":0},"end":{"row":31,"column":0},"isBackwards":false},"options":{"guessTabSize":true,"useWrapMode":false,"wrapToView":true},"firstLineState":{"row":16,"state":"start","mode":"ace/mode/json"}},"timestamp":1757954763651,"hash":"a084ff0771c8b10a94cec8d217261592e39b19c6"}